"Status","Start Time","Stop Time","Duration in ms","Parent Suite","Suite","Sub Suite","Test Class","Test Method","Name","Description"
"skipped","Tue Sep 29 07:55:17 UTC 2026","Tue Sep 29 07:55:22 UTC 2026","4839","","Multiple Services Appointment Booking","","Test different mileage selections","","Test different mileage selections","  As a vehicle owner
  I want to book multiple services appointment
  So that I can get multiple services done at once at an authorized repairer"
"broken","Tue Sep 29 07:55:27 UTC 2026","Tue Sep 29 07:55:27 UTC 2026","1","AutoTeam E2E Test Suite","E2E Flow Tests","com.carservice.automation.tests.backoffice.InterventionSchedulingTest","com.carservice.automation.tests.backoffice.InterventionSchedulingTest","shouldScheduleInterventionInCalendar","Schedule intervention in calendar by drag and drop","Test the complete flow of scheduling an intervention request in the calendar by dragging and dropping to an available time slot"
"skipped","Tue Sep 29 07:54:28 UTC 2026","Tue Sep 29 07:54:33 UTC 2026","4831","","Intervention Scheduling in Backoffice","","Schedule intervention in calendar","","Schedule intervention in calendar","  As a backoffice administrator
  I want to schedule intervention requests in the calendar
  So that customer appointments can be properly managed"
"broken","Tue Sep 29 07:55:27 UTC 2026","Tue Sep 29 07:55:27 UTC 2026","6","AutoTeam E2E Test Suite","Multiple Services Tests","com.carservice.automation.tests.enduser.BookAppointmentTest","com.carservice.automation.tests.enduser.BookAppointmentTest","testCompleteMultipleServicesAppointmentFlow","testCompleteMultipleServicesAppointmentFlow","Validates complete appointment booking flow for multiple services with dropdown selections"
"skipped","Tue Sep 29 07:55:02 UTC 2026","Tue Sep 29 07:55:07 UTC 2026","4825","","Multiple Services Appointment Booking","","Test different service combinations","","Test different service combinations","  As a vehicle owner
  I want to book multiple services appointment
  So that I can get multiple services done at once at an authorized repairer"
"skipped","Tue Sep 29 07:54:43 UTC 2026","Tue Sep 29 07:54:48 UTC 2026","4824","","Vehicle Appointment Booking","","Appointment booking without file upload","","Appointment booking without file upload","  As a vehicle owner
  I want to book a diagnostic service appointment
  So that I can get my vehicle serviced at an authorized repairer"
"skipped","Tue Sep 29 07:55:07 UTC 2026","Tue Sep 29 07:55:12 UTC 2026","4836","","Multiple Services Appointment Booking","","Test different mileage selections","","Test different mileage selections","  As a vehicle owner
  I want to book multiple services appointment
  So that I can get multiple services done at once at an authorized repairer"
"skipped","Tue Sep 29 07:54:57 UTC 2026","Tue Sep 29 07:55:02 UTC 2026","4809","","Multiple Services Appointment Booking","","Multiple services appointment without file upload","","Multiple services appointment without file upload","  As a vehicle owner
  I want to book multiple services appointment
  So that I can get multiple services done at once at an authorized repairer"
"skipped","Tue Sep 29 07:55:22 UTC 2026","Tue Sep 29 07:55:26 UTC 2026","4763","","Multiple Services Appointment Booking","","Test different mileage selections","","Test different mileage selections","  As a vehicle owner
  I want to book multiple services appointment
  So that I can get multiple services done at once at an authorized repairer"
"skipped","Tue Sep 29 07:54:48 UTC 2026","Tue Sep 29 07:54:53 UTC 2026","4805","","Multiple Services Appointment Booking","","Complete multiple services appointment booking","","Complete multiple services appointment booking","  As a vehicle owner
  I want to book multiple services appointment
  So that I can get multiple services done at once at an authorized repairer"
"broken","Tue Sep 29 07:54:19 UTC 2026","Tue Sep 29 07:54:20 UTC 2026","828","AutoTeam E2E Test Suite","AutoTeam Tests","com.carservice.automation.tests.backoffice.InterventionSchedulingTest","com.carservice.automation.tests.backoffice.InterventionSchedulingTest","shouldPerformDragAndDropSuccessfully","Test intervention drag and drop functionality","Test the drag and drop mechanism for intervention scheduling"
"broken","Tue Sep 29 07:54:21 UTC 2026","Tue Sep 29 07:54:21 UTC 2026","742","AutoTeam E2E Test Suite","AutoTeam Tests","com.carservice.automation.tests.backoffice.InterventionSchedulingTest","com.carservice.automation.tests.backoffice.InterventionSchedulingTest","shouldRespectSchedulingConstraints","Verify intervention scheduling constraints","Test that intervention scheduling respects working hours, weekdays, and availability constraints"
"skipped","Tue Sep 29 07:54:53 UTC 2026","Tue Sep 29 07:54:57 UTC 2026","4823","","Multiple Services Appointment Booking","","Multiple services form validation and dropdown testing","","Multiple services form validation and dropdown testing","  As a vehicle owner
  I want to book multiple services appointment
  So that I can get multiple services done at once at an authorized repairer"
"broken","Tue Sep 29 07:55:27 UTC 2026","Tue Sep 29 07:55:27 UTC 2026","5","AutoTeam E2E Test Suite","E2E Flow Tests","com.carservice.automation.tests.enduser.BookAppointmentTest","com.carservice.automation.tests.enduser.BookAppointmentTest","testCompleteAppointmentFlow_AllScenarios","testCompleteAppointmentFlow_AllScenarios","Validates complete appointment booking flow with and without file upload"
"skipped","Tue Sep 29 07:54:38 UTC 2026","Tue Sep 29 07:54:43 UTC 2026","4870","","Vehicle Appointment Booking","","Vehicle identification form validation","","Vehicle identification form validation","  As a vehicle owner
  I want to book a diagnostic service appointment
  So that I can get my vehicle serviced at an authorized repairer"
"skipped","Tue Sep 29 07:55:12 UTC 2026","Tue Sep 29 07:55:17 UTC 2026","4826","","Multiple Services Appointment Booking","","Test different mileage selections","","Test different mileage selections","  As a vehicle owner
  I want to book multiple services appointment
  So that I can get multiple services done at once at an authorized repairer"
"skipped","Tue Sep 29 07:54:23 UTC 2026","Tue Sep 29 07:54:28 UTC 2026","4886","","Intervention Scheduling in Backoffice","","View and filter intervention requests","","View and filter intervention requests","  As a backoffice administrator
  I want to schedule intervention requests in the calendar
  So that customer appointments can be properly managed"
"skipped","Tue Sep 29 07:54:33 UTC 2026","Tue Sep 29 07:54:38 UTC 2026","4871","","Vehicle Appointment Booking","","Complete appointment booking with validation","","Complete appointment booking with validation","  As a vehicle owner
  I want to book a diagnostic service appointment
  So that I can get my vehicle serviced at an authorized repairer"
